Movie Title,Release Date
Adventures in Success,March 4 2022  Not Rated
After Yang,March 4 2022  PG
Asking for It,March 4 2022  R
The Batman,March 4 2022  PG-13
The Changed,March 4 2022  Not Rated
Dear Mr. Brody,March 4 2022  Not Rated
Great Freedom,March 4 2022  Unrated
Huda's Salon,March 4 2022  R
Mother Schmuckers,March 4 2022  Not Rated
Mrs Harris Goes to Paris,March 4 2022  PG
Nightride,March 4 2022  Not Rated
Rock Bottom Riser,March 4 2022  Not Rated
The Fan Connection,March 3 2022  Not Rated
Big Gold Brick,February 25 2022  Not Rated
The Burning Sea,February 25 2022  PG-13
Butter,February 25 2022  PG-13
Careless Crime,February 25 2022  Not Rated
The Desperate Hour,February 25 2022  PG-13
Family Squares,February 25 2022  R
Friends and Strangers,February 25 2022  Not Rated
Gasoline Alley,February 25 2022  R
I'll Find You,February 25 2022
My Best Part,February 25 2022  Unrated
Rookie Season,February 25 2022  Not Rated
Studio 666,February 25 2022  R
The Automat,February 18 2022  Not Rated
A Banquet,February 18 2022  NR
Dog,February 18 2022  PG-13
A Fairy Tale After All,February 18 2022  Not Rated
Incarnation,February 18 2022  Not Rated
Inspector Ike,February 18 2022  Not Rated
The Last Bus,February 18 2022  Not Rated
The Ledge,February 18 2022  R
The Long Walk,February 18 2022  Not Rated
Pursuit,February 18 2022  R
Strawberry Mansion,February 18 2022  Not Rated
Ted K,February 18 2022  R
The Cursed,February 18 2022  R
Too Cool to Kill,February 18 2022  Not Rated
Uncharted,February 18 2022  PG-13
King Knight,February 17 2022  Not Rated
Blacklight,February 11 2022  PG-13
Catch the Fair One,February 11 2022  NR
Death on the Nile,February 11 2022  PG-13
Fabian: Going to the Dogs,February 11 2022  Unrated
Give or Take,February 11 2022  Not Rated
Here Before,February 11 2022  Not Rated
Indemnity,February 11 2022  Not Rated
Marry Me,February 11 2022  PG-13
Minamata,February 11 2022  R
A Night of Knowing Nothing,February 11 2022  Not Rated
The Pact,February 11 2022  Not Rated
Playground,February 11 2022  Not Rated
Ronnie's,February 11 2022  Not Rated
The Sky Is Everywhere,February 11 2022  PG-13
Supercool,February 11 2022  Not Rated
The Unmaking of A College,February 11 2022  Not Rated
A Week in Paradise,February 11 2022  PG-13
Air Doll (2009),February 4 2022  Unrated
Alone with You,February 4 2022  NR
Immanence,February 4 2022  Not Rated
Jackass Forever,February 4 2022  R
Last Looks,February 4 2022  R
Last Survivors,February 4 2022  NR
Lingui, The Sacred Bonds,February 4 2022  Not Rated
The Long Night,February 4 2022  R
Moonfall,February 4 2022  PG-13
The Other Me,February 4 2022  Not Rated
The Wolf and the Lion,February 4 2022  PG
The Worst Person in the World,February 4 2022  Not Rated
Ghosts of the Ozarks,February 3 2022  Not Rated
The Beatles: Get Back - The Rooftop Concert,January 30 2022  PG-13
Brighton 4th,January 28 2022  Not Rated
Charli XCX: Alone Together,January 28 2022  Not Rated
Clean,January 28 2022  NR
Futura,January 28 2022  Not Rated
GameStop: Rise of the Players,January 28 2022  Not Rated
In the Forest,January 28 2022  Not Rated
La Soga: Salvation,January 28 2022  Not Rated
Plaza Catedral,January 28 2022  Not Rated
The Requin,January 28 2022  R
Rifkin's Festival,January 28 2022  PG-13
Sundown,January 28 2022  R
A Taste of Hunger,January 28 2022  Not Rated
They/Them/Us,January 28 2022  Not Rated
The Conductor,January 27 2022  Not Rated
Confession,January 21 2022  Not Rated
Introduction,January 21 2022  Not Rated
The King's Daughter,January 21 2022  PG
The Laureate,January 21 2022  R
Lunana: A Yak in the Classroom,January 21 2022  Not Rated
Salt in My Soul,January 21 2022
A Shot Through the Wall,January 21 2022  Not Rated
Simple Passion,January 21 2022  Not Rated
Stop-Zemlia,January 21 2022  Not Rated
The Tiger Rising,January 21 2022  PG
Unsilenced,January 21 2022  R
WarHunt,January 21 2022  R
New York Ninja,January 18 2022  Not Rated
Belle,January 14 2022  Not Rated
